{
    "Primary": {
        "r": 0.192156866,
        "g": 0.6745098,
        "b": 0.807843149,
        "a": 1.0
    },
    "Secondary": {
        "r": 0.192156866,
        "g": 0.6745098,
        "b": 0.807843149,
        "a": 1.0
    },
    "ElementBackground": {
        "r": 0.129411772,
        "g": 0.7882353,
        "b": 0.6117647,
        "a": 1.0
    },
    "Transition": {
        "r": 0.0,
        "g": 1.0,
        "b": 1.0,
        "a": 1.0
    },
    "Text": {
        "r": 0.0,
        "g": 1.0,
        "b": 1.0,
        "a": 1.0
    }
}
